timestamp,state,left_norm_x,left_norm_y,right_norm_x,right_norm_y,left_ear,right_ear
1789965730.7421036,RIGHT,0.529957,0.450419,0.450442,0.447745,0.373238,0.378304
1789974116.3153284,EYES_OPEN,0.541820,0.443175,0.408483,0.426150,0.378671,0.373153
1789973845.2149734,UP,0.576489,0.445487,0.452359,0.450155,0.515870,0.509949
1789965119.084579,LEFT,0.540410,0.460630,0.453594,0.430872,0.281958,0.300031
1789974416.9391289,LEFT,0.682535,0.374486,0.602349,0.406942,0.256796,0.184421
1789966036.3508604,EYES_OPEN,0.523716,0.468326,0.405840,0.455690,0.336473,0.325480
1789974116.348795,EYES_OPEN,0.542026,0.443363,0.407237,0.426200,0.379446,0.373741
1789974337.0038207,FORWARD,0.536821,0.441952,0.415837,0.431052,0.400039,0.393813
1789974416.473905,LEFT,0.687983,0.351145,0.603460,0.417934,0.225584,0.175223
1789965117.1286557,LEFT,0.577853,0.487677,0.517791,0.493665,0.371943,0.452992
1789965942.6216762,DOWN,0.506951,0.449647,0.434114,0.451267,0.394746,0.397016
1789974114.0580304,EYES_OPEN,0.520879,0.442543,0.387691,0.426915,0.370518,0.368721
1789974338.6531637,FORWARD,0.540436,0.446527,0.417957,0.432763,0.402469,0.392672
1789974176.9002209,EYES_CLOSED,0.490495,0.622918,0.462651,0.443897,0.064035,0.051623
1789974116.251368,EYES_OPEN,0.541834,0.442601,0.412493,0.425801,0.377683,0.373235
1789974176.07015,EYES_CLOSED,0.479350,0.607744,0.478705,0.457892,0.056391,0.051598
1789965117.4945707,LEFT,0.586081,0.491197,0.525454,0.494566,0.353841,0.422455
1789974176.4681082,EYES_CLOSED,0.480340,0.647244,0.478568,0.490553,0.046960,0.039192
1789965942.9330926,DOWN,0.517145,0.411943,0.492924,0.390914,0.227737,0.228912
1789974416.63435,LEFT,0.682618,0.357570,0.604952,0.411989,0.239601,0.178278
1789966106.4164941,EYES_CLOSED,0.495823,0.639516,0.536602,0.461057,0.034275,0.035140
1789966038.2076964,EYES_OPEN,0.527905,0.464074,0.433775,0.448843,0.345809,0.341069
1789974115.3530655,EYES_OPEN,0.538643,0.442948,0.407925,0.425554,0.372707,0.375955
1789974177.5242543,EYES_CLOSED,0.499992,0.589278,0.450969,0.412777,0.082669,0.056504
1789974023.612319,DOWN,0.490395,0.784641,0.489921,0.824337,0.049433,0.042774
1789931102.6001756,FORWARD,0.556840,0.473352,0.459512,0.463546,0.391536,0.412226
1789973845.6135442,UP,0.573567,0.441156,0.442458,0.446321,0.515992,0.520076
1789965664.4535165,RIGHT,0.525514,0.397768,0.445310,0.388822,0.334064,0.326051
1789966106.7507026,EYES_CLOSED,0.506696,0.674951,0.538703,0.550522,0.046594,0.022526
1789974336.1384742,FORWARD,0.530838,0.439404,0.420091,0.426941,0.395306,0.385562
1789974177.205573,EYES_CLOSED,0.496916,0.603737,0.454003,0.426653,0.075228,0.053826
1789966105.1518545,EYES_CLOSED,0.507649,0.427690,0.399997,0.371203,0.260244,0.297026
1789931102.693216,FORWARD,0.556071,0.467124,0.461407,0.460308,0.396056,0.415435
1789974115.8533895,EYES_OPEN,0.542404,0.443875,0.410967,0.425874,0.376792,0.374142
1789974021.2598517,DOWN,0.508115,0.440218,0.409802,0.422307,0.404656,0.408047
1789974116.153201,EYES_OPEN,0.543438,0.442806,0.411221,0.425858,0.378149,0.374138
1789974022.892157,DOWN,0.493271,0.537126,0.477256,0.666794,0.101371,0.063680
1789974114.2185717,EYES_OPEN,0.530954,0.439278,0.406290,0.424996,0.373912,0.373653
1789966038.3359013,EYES_OPEN,0.528270,0.465841,0.432532,0.449570,0.346958,0.342899
1789974415.3066657,LEFT,0.680721,0.354075,0.605824,0.491326,0.148715,0.167660
1789965842.6540046,UP,0.467375,0.370286,0.430046,0.397813,0.438611,0.452234
1789931102.2962108,FORWARD,0.558087,0.473162,0.460559,0.462827,0.394121,0.412800
1789974174.9483235,EYES_CLOSED,0.528487,0.412465,0.409111,0.395331,0.360327,0.277500
1789973845.2793686,UP,0.574813,0.445829,0.449477,0.450250,0.517283,0.511518
1789974414.7140872,LEFT,0.612806,0.455061,0.551959,0.393325,0.193594,0.148617
1789974416.010412,LEFT,0.680835,0.283876,0.608907,0.468723,0.177325,0.171663
1789973845.7098138,UP,0.573303,0.440698,0.441792,0.445881,0.516926,0.523642
1789965117.3658187,LEFT,0.593809,0.487146,0.524523,0.492248,0.372367,0.449613
1789965839.7261553,UP,0.510275,0.462065,0.435973,0.457893,0.361387,0.359163
1789965842.1283844,UP,0.468973,0.376856,0.432634,0.402365,0.433708,0.444436
1789973846.2063918,UP,0.573904,0.439380,0.442429,0.444295,0.512204,0.526455
1789965944.0604267,DOWN,0.517853,0.424130,0.512035,0.386586,0.171026,0.194025
1789974020.9560432,DOWN,0.515315,0.449205,0.409323,0.430284,0.403834,0.413442
1789973845.1176229,UP,0.580667,0.442237,0.458730,0.447722,0.514135,0.505654
1789966106.2072794,EYES_CLOSED,0.497874,0.592484,0.536874,0.370314,0.044105,0.066705
1789974414.6820495,LEFT,0.591349,0.453977,0.530382,0.382031,0.192332,0.144423
1789965495.8498032,RIGHT,0.442970,0.440874,0.371598,0.445733,0.436556,0.363693
1789965496.410932,RIGHT,0.421650,0.421106,0.327103,0.393797,0.456214,0.359868
1789974416.8127308,LEFT,0.682249,0.366183,0.606187,0.408729,0.250070,0.182061
1789974417.1432643,LEFT,0.689361,0.385102,0.608429,0.405656,0.264148,0.188470
1789973844.5094626,UP,0.549306,0.432509,0.431645,0.430755,0.403680,0.400804
1789965841.1179194,UP,0.501887,0.361569,0.432015,0.387294,0.425659,0.453419
1789931101.6055665,FORWARD,0.543588,0.476610,0.450530,0.466475,0.393061,0.416859
1789974175.540717,EYES_CLOSED,0.508717,0.348449,0.434976,0.284422,0.246694,0.227319
1789974021.8843663,DOWN,0.502138,0.348463,0.479142,0.235094,0.307576,0.296325
1789965666.8534052,RIGHT,0.641993,0.426734,0.504887,0.450225,0.299424,0.312288
1789931114.0662267,FORWARD,0.564027,0.453478,0.467963,0.452245,0.417675,0.437319
1789965942.7273047,DOWN,0.511114,0.407937,0.468765,0.393330,0.278126,0.279542
1789965603.9050007,RIGHT,0.584399,0.461853,0.464629,0.465842,0.391038,0.369339
1789973845.2470815,UP,0.575571,0.445268,0.450907,0.449701,0.515823,0.509811
1789974115.257867,EYES_OPEN,0.544167,0.442973,0.407835,0.425816,0.371354,0.375091
1789974177.8600132,EYES_CLOSED,0.501952,0.576480,0.452834,0.421827,0.091300,0.060366
1789965666.3255885,RIGHT,0.652858,0.441387,0.519264,0.444453,0.300706,0.329368
1789965118.3468738,LEFT,0.557934,0.478937,0.492100,0.495165,0.327561,0.344899
1789974415.802379,LEFT,0.690093,0.283089,0.616859,0.504190,0.162951,0.175765
1789974176.8350785,EYES_CLOSED,0.488947,0.621831,0.465100,0.440141,0.063155,0.052997
1789965117.3979416,LEFT,0.593769,0.488460,0.524449,0.490689,0.363946,0.440636
1789931114.5525348,FORWARD,0.564008,0.442830,0.463533,0.442244,0.415023,0.433858
1789965666.0538566,RIGHT,0.647076,0.446066,0.518303,0.435443,0.307191,0.334964
1789974177.0600753,EYES_CLOSED,0.494340,0.610131,0.457933,0.437608,0.071029,0.049925
1789966106.8801951,EYES_CLOSED,0.511604,0.690628,0.533812,0.560996,0.046473,0.021754
1789966038.5448976,EYES_OPEN,0.533507,0.472107,0.431302,0.453695,0.350887,0.344749
1789974023.325142,DOWN,0.492283,0.690609,0.482883,0.791666,0.066670,0.044212
1789965942.1996248,DOWN,0.503347,0.440683,0.423365,0.442507,0.393923,0.403317
1789973846.4148667,UP,0.574982,0.440087,0.441807,0.444726,0.513832,0.528801
1789965943.4611356,DOWN,0.515981,0.403962,0.513256,0.395015,0.172582,0.179852
1789965665.8460846,RIGHT,0.641120,0.448725,0.498500,0.430283,0.309554,0.339811
1789974115.2248678,EYES_OPEN,0.542215,0.443134,0.408393,0.425889,0.371492,0.375143
1789974416.201329,LEFT,0.684580,0.320171,0.604733,0.430484,0.198427,0.170842
1789974337.9930964,FORWARD,0.536510,0.449035,0.419634,0.435010,0.402423,0.391868
1789974337.5623598,FORWARD,0.537320,0.445309,0.416711,0.432308,0.399598,0.392798
1789974415.4049704,LEFT,0.684844,0.333604,0.602982,0.508011,0.151599,0.171461
1789965496.812109,RIGHT,0.535231,0.406002,0.438508,0.426590,0.453820,0.291280
1789974414.9386053,LEFT,0.685117,0.435188,0.619285,0.413158,0.183181,0.148108
1789974021.756587,DOWN,0.501066,0.360204,0.479404,0.267871,0.330761,0.319372
1789966038.6697133,EYES_OPEN,0.532575,0.467194,0.426118,0.450169,0.351898,0.343086
1789931100.999219,FORWARD,0.558302,0.476859,0.451500,0.461728,0.383884,0.398448
1789965842.4771173,UP,0.464987,0.369522,0.431575,0.398560,0.440288,0.450136
1789965839.9355319,UP,0.508303,0.469680,0.440615,0.469796,0.370895,0.367011
1789973844.3569043,UP,0.526200,0.439411,0.375332,0.414947,0.355017,0.341384
1789974114.8893564,EYES_OPEN,0.539569,0.442519,0.405312,0.426577,0.374290,0.373668
1789931102.9011738,FORWARD,0.568883,0.457471,0.469236,0.453525,0.402666,0.425384
1789973846.7336671,UP,0.575673,0.440675,0.443390,0.445613,0.514758,0.533226
1789965602.1133459,RIGHT,0.523757,0.465344,0.453387,0.467486,0.419926,0.451420
1789966107.0077848,EYES_CLOSED,0.507096,0.708753,0.534600,0.574896,0.047721,0.020663
1789974176.1012003,EYES_CLOSED,0.478290,0.613048,0.477152,0.472450,0.054158,0.045899
1789965496.6830502,RIGHT,0.572046,0.405370,0.471843,0.423100,0.455095,0.313830
1789966037.278493,EYES_OPEN,0.522453,0.469187,0.434178,0.451530,0.347511,0.336705
1789965603.1704032,RIGHT,0.614387,0.450750,0.494792,0.469594,0.354285,0.316381
1789973844.7832463,UP,0.594778,0.444679,0.483500,0.452343,0.517753,0.513568
1789974175.1079159,EYES_CLOSED,0.528961,0.413376,0.410278,0.397495,0.373511,0.324218
1789974415.7377708,LEFT,0.689588,0.287794,0.616941,0.516685,0.157658,0.177840
1789965116.8971238,LEFT,0.570910,0.489618,0.505004,0.491211,0.367427,0.439267
1789965666.181791,RIGHT,0.658981,0.440439,0.533495,0.438580,0.303643,0.333831
1789974338.5861988,FORWARD,0.540285,0.444930,0.416637,0.430816,0.401074,0.390381
1789974337.4971209,FORWARD,0.536792,0.447755,0.419879,0.435457,0.400740,0.393754
1789974022.1246223,DOWN,0.508318,0.407782,0.481532,0.297151,0.222580,0.203018
1789931100.1973376,FORWARD,0.551993,0.475175,0.452049,0.461889,0.387972,0.407149
1789974021.4210787,DOWN,0.508406,0.434542,0.407329,0.416178,0.389760,0.392310
1789965118.7716265,LEFT,0.546915,0.468570,0.474698,0.454341,0.293799,0.311489
1789974022.4277163,DOWN,0.501746,0.475873,0.477544,0.448754,0.147359,0.128564
1789974114.831676,EYES_OPEN,0.537085,0.442427,0.405106,0.426518,0.374442,0.372549
1789965601.9856791,RIGHT,0.523151,0.458960,0.455018,0.462131,0.425823,0.461690
1789974114.728871,EYES_OPEN,0.537456,0.441758,0.406834,0.426037,0.373978,0.372707
1789965118.95151,LEFT,0.536810,0.464570,0.458950,0.437109,0.282475,0.292278
1789966037.5351431,EYES_OPEN,0.525737,0.471366,0.433736,0.453017,0.347629,0.339254
1789974114.3290107,EYES_OPEN,0.536386,0.440998,0.407849,0.425993,0.375992,0.374558
1789965731.4712276,RIGHT,0.519280,0.451705,0.472432,0.455496,0.324308,0.318230
1789974023.2757099,DOWN,0.494343,0.675439,0.483831,0.790170,0.070020,0.042866
1789974022.5555801,DOWN,0.501042,0.494441,0.476813,0.527335,0.131695,0.101306
1789974415.8823638,LEFT,0.689112,0.276182,0.615466,0.485730,0.169299,0.172976
1789973845.7735727,UP,0.573752,0.442255,0.440990,0.447162,0.515975,0.525967
1789931113.1572573,FORWARD,0.540278,0.479981,0.453849,0.467990,0.385104,0.400576
1789931113.4462285,FORWARD,0.560551,0.469981,0.464814,0.464294,0.404362,0.427402
1789931101.2055724,FORWARD,0.556338,0.476531,0.454807,0.468241,0.387117,0.407131
1789974416.0740151,LEFT,0.680834,0.294449,0.610130,0.453460,0.183009,0.170588
1789974113.9615917,EYES_OPEN,0.525961,0.443715,0.390180,0.427072,0.371540,0.369306
1789974023.0510323,DOWN,0.500051,0.561210,0.480130,0.717911,0.098147,0.054836
1789931103.004174,FORWARD,0.572342,0.456784,0.471644,0.455738,0.405378,0.428437
1789973845.182999,UP,0.577786,0.443955,0.453840,0.449090,0.514342,0.508294
1789965531.4058099,RIGHT,0.565200,0.453758,0.468238,0.438112,0.363869,0.322003
1789974338.9237766,FORWARD,0.537867,0.447610,0.417789,0.435418,0.403586,0.394371
1789974336.6671548,FORWARD,0.537436,0.436002,0.416319,0.426284,0.389038,0.385361
1789974336.8259187,FORWARD,0.533522,0.439187,0.417119,0.429829,0.393276,0.390233
1789965842.526265,UP,0.467942,0.368294,0.432541,0.397920,0.438479,0.449799
1789965732.5286129,RIGHT,0.596420,0.434156,0.505015,0.422317,0.281780,0.242325
1789974114.2682285,EYES_OPEN,0.534388,0.440477,0.410118,0.425749,0.374997,0.374412
1789974113.8659875,EYES_OPEN,0.531173,0.442850,0.393137,0.426120,0.370108,0.367910
1789965666.5176563,RIGHT,0.659400,0.430402,0.522527,0.444763,0.301488,0.322298
1789965118.6671505,LEFT,0.560800,0.472067,0.480253,0.461206,0.297595,0.309281
1789974176.308416,EYES_CLOSED,0.480095,0.630636,0.478517,0.456590,0.053872,0.053817
1789973844.8781154,UP,0.593460,0.444197,0.480519,0.449403,0.519227,0.511368
1789931102.5062108,FORWARD,0.560895,0.476172,0.457797,0.465121,0.391001,0.412553
1789974417.273821,LEFT,0.684759,0.391143,0.610174,0.404313,0.269236,0.191222
1789973844.9098368,UP,0.593201,0.444186,0.479039,0.448647,0.519210,0.509798
1789965841.9181588,UP,0.467579,0.380930,0.433589,0.405754,0.436282,0.445585
1789965530.7486894,RIGHT,0.494760,0.441519,0.441737,0.456209,0.358830,0.353421
1789974415.6535938,LEFT,0.678966,0.303244,0.605893,0.516608,0.151427,0.176893
1789974176.9312239,EYES_CLOSED,0.491632,0.617910,0.461734,0.441768,0.066852,0.053719
1789974022.955158,DOWN,0.495476,0.551887,0.478904,0.682297,0.099378,0.061270
1789973845.5813491,UP,0.573006,0.440834,0.443230,0.446794,0.516154,0.519687
1789974116.282367,EYES_OPEN,0.542179,0.443209,0.410480,0.426104,0.377623,0.372871
1789931114.3412213,FORWARD,0.562700,0.444963,0.466658,0.445294,0.416465,0.436821
1789974023.7567635,DOWN,0.489558,0.808060,0.491953,0.828314,0.047208,0.043171
1789965495.4829557,RIGHT,0.517535,0.456119,0.421930,0.456318,0.369003,0.375972
1789974113.9925478,EYES_OPEN,0.523973,0.443328,0.387539,0.426838,0.371922,0.369883
1789965731.3924499,RIGHT,0.506219,0.448629,0.451620,0.448309,0.339318,0.335170
1789974175.3323503,EYES_CLOSED,0.523863,0.413382,0.410213,0.404843,0.380195,0.346392
1789974416.1380708,LEFT,0.678742,0.304561,0.604767,0.441260,0.188687,0.169928
1789965530.4136076,RIGHT,0.504873,0.440819,0.441328,0.457425,0.361891,0.358268
1789974415.679595,LEFT,0.685611,0.295924,0.612228,0.513055,0.153257,0.176385
1789974176.5974038,EYES_CLOSED,0.483414,0.631000,0.475072,0.471049,0.055249,0.045431
1789974177.2675507,EYES_CLOSED,0.497776,0.597735,0.453307,0.412979,0.077407,0.057288
1789965603.505358,RIGHT,0.593913,0.452933,0.467273,0.457918,0.374325,0.349917
1789974337.0985277,FORWARD,0.537629,0.444137,0.419087,0.432981,0.400226,0.394385
1789973846.1108544,UP,0.574136,0.438911,0.442559,0.443614,0.514262,0.527017
1789965116.6245213,LEFT,0.564099,0.494484,0.490575,0.493330,0.364808,0.426040
1789965603.7135222,RIGHT,0.589144,0.452876,0.463923,0.459794,0.390675,0.367383
1789974116.185388,EYES_OPEN,0.542423,0.442597,0.411294,0.425786,0.377762,0.373815
1789931115.349099,FORWARD,0.567585,0.444460,0.464167,0.442871,0.420143,0.438303
1789965664.7254107,RIGHT,0.511041,0.409498,0.435483,0.401446,0.349631,0.343161
1789974020.988416,DOWN,0.513129,0.446501,0.407735,0.426380,0.405366,0.412655
1789974113.786656,EYES_OPEN,0.531613,0.442621,0.393497,0.426236,0.368566,0.367818
1789974337.850419,FORWARD,0.536901,0.447728,0.418298,0.433684,0.399128,0.390334
1789974416.507114,LEFT,0.687762,0.351742,0.602375,0.415457,0.228522,0.175722
1789965944.9178813,DOWN,0.517345,0.433292,0.525351,0.404642,0.157656,0.174783
1789974021.7255561,DOWN,0.500192,0.361510,0.477773,0.279558,0.328449,0.322032
1789974022.3667555,DOWN,0.504960,0.452652,0.480802,0.406165,0.166673,0.145685
1789974113.9296286,EYES_OPEN,0.528936,0.443336,0.387696,0.427893,0.370560,0.368300
1789965117.52814,LEFT,0.584778,0.493253,0.525636,0.497139,0.350690,0.422347
1789974336.9210665,FORWARD,0.542138,0.439675,0.423616,0.428625,0.397833,0.393867
1789965117.90069,LEFT,0.567458,0.494432,0.512726,0.498732,0.339423,0.398863
1789974115.785755,EYES_OPEN,0.540729,0.443575,0.409070,0.425681,0.375867,0.374195
1789974176.9987524,EYES_CLOSED,0.493756,0.612046,0.459758,0.416352,0.071746,0.058978
1789965943.7976773,DOWN,0.523353,0.417288,0.515823,0.386146,0.173839,0.185866
1789974115.1933887,EYES_OPEN,0.541099,0.443093,0.405968,0.426024,0.371965,0.374687
1789931115.1457448,FORWARD,0.566921,0.448819,0.463686,0.445914,0.420115,0.439789
1789931114.1642253,FORWARD,0.561639,0.450815,0.466942,0.450326,0.419543,0.439592
1789973844.813984,UP,0.595413,0.444269,0.483600,0.450956,0.517043,0.511229
1789973846.6067972,UP,0.575536,0.437964,0.442280,0.444462,0.513924,0.533774
1789973845.006794,UP,0.588534,0.444268,0.469910,0.448488,0.515330,0.505257
1789974115.160351,EYES_OPEN,0.541623,0.443009,0.406780,0.425701,0.371036,0.374061
1789974175.8435159,EYES_CLOSED,0.478741,0.542716,0.476503,0.414889,0.072136,0.062239
1789966105.887889,EYES_CLOSED,0.514574,0.458685,0.536174,0.317337,0.079414,0.111339
1789931112.7572668,FORWARD,0.533990,0.486755,0.440215,0.468420,0.370342,0.382631
1789974175.0115106,EYES_CLOSED,0.528493,0.414567,0.409720,0.396671,0.365180,0.290302
1789974113.754107,EYES_OPEN,0.531040,0.442846,0.392537,0.426180,0.369863,0.369262
1789930938.9062462,FORWARD,0.560010,0.479339,0.446827,0.463285,0.383436,0.403381
1789966105.8236756,EYES_CLOSED,0.528102,0.426746,0.527983,0.311234,0.098961,0.134355
1789965840.9270113,UP,0.504114,0.362078,0.430490,0.392176,0.446458,0.469935
1789966105.616274,EYES_CLOSED,0.495624,0.360126,0.521520,0.287594,0.184601,0.211478
1789974175.913478,EYES_CLOSED,0.479155,0.558538,0.477705,0.424195,0.068275,0.057607
1789930939.2120636,FORWARD,0.560178,0.479800,0.447841,0.464798,0.375603,0.397973
1789965529.8057706,RIGHT,0.505253,0.443455,0.440520,0.455933,0.351500,0.358836
1789965603.378149,RIGHT,0.594836,0.449829,0.476354,0.458551,0.364408,0.341253
1789974115.2903895,EYES_OPEN,0.541818,0.442873,0.408314,0.425702,0.372131,0.375863
1789974177.3960705,EYES_CLOSED,0.499436,0.598431,0.451933,0.420153,0.078320,0.057414
1789974417.2112586,LEFT,0.686969,0.388987,0.608114,0.405123,0.267214,0.190174
1789965732.4045672,RIGHT,0.591816,0.436422,0.506691,0.426909,0.283989,0.242989
1789966107.1513617,EYES_CLOSED,0.502304,0.714358,0.529102,0.599400,0.047648,0.014824
1789965602.2414143,RIGHT,0.524727,0.460113,0.451122,0.462135,0.422199,0.451315
1789965664.917489,RIGHT,0.575156,0.413478,0.487567,0.388822,0.343380,0.333165
1789974338.6821587,FORWARD,0.538936,0.447282,0.416370,0.433787,0.403500,0.392979
1789974416.2686598,LEFT,0.685812,0.330151,0.608265,0.426583,0.206827,0.172677
1789930938.6181595,FORWARD,0.560996,0.481177,0.447432,0.466200,0.385010,0.405100
1789965117.3011823,LEFT,0.587090,0.490799,0.524058,0.495936,0.383853,0.458994
1789965841.7260768,UP,0.478140,0.384529,0.436107,0.407355,0.427245,0.441306
1789966107.8723018,EYES_CLOSED,0.502657,0.766954,0.542168,0.637253,0.053618,0.011664
1789974416.3877962,LEFT,0.685200,0.340334,0.604385,0.421740,0.216131,0.173703
1789974175.4132361,EYES_CLOSED,0.522174,0.412686,0.409716,0.406272,0.381289,0.350482
1789974175.8765147,EYES_CLOSED,0.477967,0.556786,0.477353,0.429218,0.066621,0.058178
1789966038.7984772,EYES_OPEN,0.522457,0.470664,0.423917,0.452247,0.351513,0.345677
1789974415.587596,LEFT,0.680524,0.317080,0.608957,0.516821,0.149513,0.177090
1789974337.2819133,FORWARD,0.536483,0.446233,0.418932,0.434004,0.401582,0.392476
1789974414.3479319,LEFT,0.513793,0.439165,0.380736,0.418402,0.342593,0.323913
1789974176.163222,EYES_CLOSED,0.480205,0.612754,0.478267,0.459562,0.057391,0.050862
1789966036.4512422,EYES_OPEN,0.528984,0.461386,0.404995,0.450666,0.335443,0.326920
1789974115.0343516,EYES_OPEN,0.540050,0.442679,0.405042,0.426199,0.373325,0.374420
1789965604.369933,RIGHT,0.607410,0.462672,0.509208,0.473615,0.355108,0.344037
1789974114.5204432,EYES_OPEN,0.539903,0.441420,0.412786,0.425921,0.373808,0.373128
1789965117.0291889,LEFT,0.575944,0.486741,0.515747,0.491683,0.367282,0.448958
1789973845.1508963,UP,0.579181,0.443286,0.455986,0.448512,0.514109,0.506863
1789974177.733734,EYES_CLOSED,0.501748,0.578417,0.451312,0.410262,0.088334,0.057528
1789965665.9262228,RIGHT,0.634436,0.450023,0.489813,0.431134,0.307825,0.336519
1789974021.3871202,DOWN,0.507743,0.436609,0.407521,0.418175,0.390452,0.393628
1789974416.841622,LEFT,0.680678,0.370285,0.605691,0.409367,0.253107,0.183100
1789974177.4931433,EYES_CLOSED,0.499589,0.595215,0.451363,0.420587,0.079943,0.057041
1789974020.9247622,DOWN,0.517423,0.460583,0.409808,0.440137,0.408352,0.416175
1789965495.4187376,RIGHT,0.536353,0.456665,0.421741,0.455658,0.358681,0.368410
1789965841.8551197,UP,0.470530,0.382703,0.435472,0.407427,0.432548,0.441109
1789974414.7459555,LEFT,0.635165,0.451020,0.569104,0.399281,0.194525,0.149830
1789966107.4736059,EYES_CLOSED,0.501217,0.740519,0.540464,0.636931,0.049334,0.010103
1789965116.397207,LEFT,0.560288,0.487319,0.493637,0.486013,0.358267,0.428851
1789965840.0629919,UP,0.511221,0.469150,0.440171,0.471609,0.369874,0.371317
1789974338.0897794,FORWARD,0.535802,0.445090,0.418968,0.431834,0.401913,0.391803
1789974023.485523,DOWN,0.488834,0.755927,0.487512,0.825866,0.050802,0.038593
1789965840.1257372,UP,0.510886,0.456324,0.440969,0.463512,0.383434,0.388688
1789974021.8529484,DOWN,0.505745,0.343379,0.481970,0.243976,0.318952,0.306704
1789931101.0952127,FORWARD,0.557198,0.473695,0.456018,0.461073,0.385319,0.404334
1789974114.4567463,EYES_OPEN,0.535887,0.440888,0.410474,0.425710,0.373092,0.373098
1789974337.819677,FORWARD,0.537686,0.448536,0.419202,0.434849,0.400387,0.391931
1789973844.974705,UP,0.591792,0.445662,0.474893,0.449604,0.518699,0.508904
1789966107.6808562,EYES_CLOSED,0.499674,0.757779,0.545672,0.642802,0.049582,0.008426
1789974114.5879207,EYES_OPEN,0.539055,0.441806,0.407419,0.426072,0.374747,0.372493
1789965532.143371,RIGHT,0.623825,0.421499,0.492863,0.371228,0.277860,0.285853
1789974336.3304803,FORWARD,0.534730,0.439641,0.431328,0.429242,0.390292,0.384935
1789965118.811205,LEFT,0.542482,0.467552,0.470421,0.449764,0.291574,0.299610
1789966037.8724802,EYES_OPEN,0.527443,0.467860,0.432461,0.453049,0.345004,0.337594
1789974336.9556367,FORWARD,0.537525,0.440539,0.418472,0.430046,0.400170,0.395023
1789973846.0786104,UP,0.574311,0.439089,0.442280,0.444153,0.513771,0.528139
1789966037.615577,EYES_OPEN,0.524872,0.471476,0.432801,0.451966,0.346117,0.338537
1789974176.5327058,EYES_CLOSED,0.481658,0.635848,0.476609,0.482898,0.052584,0.043783
1789974116.378788,EYES_OPEN,0.543206,0.443517,0.408184,0.426518,0.379520,0.374038
1789966036.814535,EYES_OPEN,0.514417,0.465341,0.416636,0.454016,0.338358,0.329255
1789965529.7415562,RIGHT,0.504475,0.443611,0.438900,0.454855,0.349320,0.356198
1789965117.7664015,LEFT,0.567197,0.494890,0.511522,0.498591,0.341292,0.401529
1789931115.4491298,FORWARD,0.562158,0.445802,0.466863,0.445470,0.420545,0.439416
1789973846.2384074,UP,0.574638,0.438891,0.442474,0.443563,0.513233,0.527262
1789965944.2626317,DOWN,0.521885,0.418918,0.512643,0.378427,0.171445,0.188894
1789974022.4607182,DOWN,0.501224,0.479974,0.477132,0.468288,0.141476,0.120809
1789966107.2156332,EYES_CLOSED,0.521499,0.722028,0.535177,0.598768,0.050738,0.017941
1789974175.7006128,EYES_CLOSED,0.486355,0.439387,0.464804,0.328946,0.112404,0.096044
1789966038.4796755,EYES_OPEN,0.530597,0.472194,0.433915,0.454256,0.354249,0.346101
1789965944.202982,DOWN,0.521621,0.420693,0.514863,0.386664,0.175519,0.189321
1789974415.210385,LEFT,0.683177,0.380355,0.613649,0.471225,0.149636,0.160876
1789966107.5359507,EYES_CLOSED,0.498562,0.750427,0.540310,0.640435,0.047310,0.008963
1789974175.171778,EYES_CLOSED,0.525655,0.416058,0.410805,0.400893,0.373572,0.326234
1789966036.146911,EYES_OPEN,0.525479,0.471618,0.416206,0.456457,0.323558,0.314730
1789965117.1941185,LEFT,0.583167,0.487733,0.519449,0.493815,0.371126,0.449277
1789974022.7493134,DOWN,0.497156,0.523625,0.476035,0.610445,0.110169,0.077241
1789965495.0192683,RIGHT,0.524184,0.461603,0.432871,0.459827,0.329040,0.357869
1789965530.5413132,RIGHT,0.506261,0.439354,0.442300,0.456108,0.363766,0.355673
1789974115.6898901,EYES_OPEN,0.543964,0.443478,0.408190,0.425524,0.373725,0.373143
1789965603.569493,RIGHT,0.591583,0.451926,0.463672,0.457333,0.378515,0.354572
1789974021.1957517,DOWN,0.506601,0.446437,0.412218,0.428662,0.411990,0.418385
1789965943.8644247,DOWN,0.516556,0.433497,0.512583,0.389876,0.180654,0.190510
1789965943.1273823,DOWN,0.520973,0.393106,0.508764,0.386287,0.195178,0.202984
1789973845.5520737,UP,0.573451,0.442599,0.443960,0.448046,0.517857,0.520115
1789965496.0107603,RIGHT,0.407791,0.432834,0.316462,0.414827,0.459229,0.358769
1789965117.726808,LEFT,0.573363,0.494234,0.512058,0.496331,0.339837,0.401519
1789966036.4812875,EYES_OPEN,0.514697,0.465498,0.405042,0.452388,0.340637,0.329420
1789974415.1448503,LEFT,0.685371,0.397160,0.611117,0.452999,0.158249,0.157717
1789931112.8542626,FORWARD,0.531235,0.483652,0.440772,0.466259,0.376701,0.384353
1789974336.3634806,FORWARD,0.536125,0.434542,0.426745,0.423517,0.390270,0.385192
1789965841.2623065,UP,0.493957,0.369322,0.433257,0.393666,0.426355,0.444187
1789974336.7005284,FORWARD,0.534726,0.436198,0.418211,0.426955,0.390913,0.386992
1789974116.7132993,EYES_OPEN,0.541402,0.443727,0.406293,0.427440,0.380928,0.374027
1789974337.9628196,FORWARD,0.535944,0.449089,0.419927,0.435329,0.402829,0.393309
1789966107.9358683,EYES_CLOSED,0.507533,0.772361,0.541447,0.627878,0.054502,0.016052
1789965664.3262851,RIGHT,0.535688,0.385354,0.454859,0.363641,0.319894,0.304420
1789965116.5646644,LEFT,0.563447,0.494576,0.493014,0.491741,0.363055,0.428383
1789965602.5778327,RIGHT,0.535989,0.446644,0.480659,0.468580,0.384105,0.378199
1789974176.564401,EYES_CLOSED,0.483008,0.629535,0.476764,0.463970,0.055694,0.047177
1789965665.136107,RIGHT,0.618487,0.423398,0.490090,0.398900,0.336809,0.339388
1789974022.3927166,DOWN,0.501785,0.463474,0.478638,0.425506,0.155355,0.135937
1789965732.8653836,RIGHT,0.594749,0.436006,0.500886,0.427867,0.282039,0.247215
1789974021.535155,DOWN,0.519323,0.435278,0.413028,0.415056,0.385838,0.386135
1789974022.1873732,DOWN,0.506828,0.416701,0.481946,0.326977,0.207066,0.182364
1789974337.7216773,FORWARD,0.535691,0.448832,0.417657,0.434764,0.400025,0.392235
1789931101.8935685,FORWARD,0.570086,0.471746,0.457177,0.460517,0.392729,0.410181
1789966107.0724332,EYES_CLOSED,0.505507,0.704511,0.537378,0.588541,0.047282,0.013344
1789974023.149688,DOWN,0.496119,0.612821,0.480237,0.752432,0.084988,0.049239
1789974021.1641557,DOWN,0.512417,0.446191,0.410181,0.427505,0.413617,0.419231
1789930939.591813,FORWARD,0.559624,0.476340,0.443443,0.459663,0.374597,0.394524
1789965530.349514,RIGHT,0.505000,0.441377,0.441619,0.458821,0.360628,0.357617
1789973846.3346221,UP,0.574983,0.441047,0.442185,0.445766,0.513487,0.529413
1789974338.3310518,FORWARD,0.535922,0.447675,0.416143,0.434320,0.401822,0.391764
1789974021.0535512,DOWN,0.515883,0.444511,0.415161,0.422360,0.400122,0.404735
1789965118.843797,LEFT,0.534279,0.467133,0.465834,0.447234,0.289980,0.291888
1789931102.1021714,FORWARD,0.557753,0.470182,0.457771,0.462200,0.396228,0.418871
1789974176.6917686,EYES_CLOSED,0.485694,0.623330,0.471655,0.450599,0.059820,0.051411
1789974115.0963495,EYES_OPEN,0.541629,0.442813,0.408209,0.426215,0.372244,0.374479
1789973844.1584992,UP,0.524447,0.443918,0.377211,0.419406,0.356199,0.342471
1789974116.6224816,EYES_OPEN,0.541434,0.443468,0.407935,0.427182,0.381029,0.374290
1789974337.3643022,FORWARD,0.532226,0.447890,0.418774,0.435724,0.401191,0.392114
1789974176.8034484,EYES_CLOSED,0.487962,0.620036,0.466787,0.450179,0.062584,0.050981
1789974021.78952,DOWN,0.502125,0.346967,0.482113,0.265748,0.326898,0.315381
1789973844.3854878,UP,0.527554,0.438911,0.386370,0.415493,0.357703,0.344767
1789974338.832795,FORWARD,0.535662,0.447835,0.417465,0.435915,0.403630,0.394421
1789973844.0143535,UP,0.526435,0.443213,0.377872,0.418358,0.352862,0.338585
1789965942.8750916,DOWN,0.520442,0.412127,0.485008,0.389444,0.253020,0.244301
1789974175.1397712,EYES_CLOSED,0.527265,0.413931,0.410619,0.400285,0.375220,0.328403
1789966105.280178,EYES_CLOSED,0.513813,0.429983,0.429542,0.375354,0.274178,0.307892
1789974177.668444,EYES_CLOSED,0.501251,0.586039,0.451824,0.410281,0.086909,0.062232
1789974022.2203734,DOWN,0.504320,0.422313,0.482091,0.347504,0.199740,0.171842
1789965495.8848476,RIGHT,0.429035,0.439205,0.343780,0.437406,0.456147,0.366641
1789974175.4440029,EYES_CLOSED,0.523731,0.414550,0.408469,0.406472,0.380142,0.351555
1789974416.8735025,LEFT,0.678568,0.371900,0.604066,0.408161,0.254675,0.183663
1789973845.4375699,UP,0.573969,0.441620,0.445604,0.447481,0.515198,0.516034
1789931101.7035663,FORWARD,0.554476,0.478687,0.453736,0.466913,0.392235,0.416802
1789974338.250454,FORWARD,0.535938,0.446990,0.415391,0.433608,0.400714,0.390642
1789965494.554044,RIGHT,0.506642,0.464028,0.411896,0.462122,0.310904,0.345189
1789974116.680482,EYES_OPEN,0.540948,0.442838,0.407878,0.426952,0.380483,0.373386
1789966037.7427232,EYES_OPEN,0.523664,0.470937,0.431320,0.453591,0.347970,0.340540
1789965842.3841088,UP,0.464882,0.371441,0.431702,0.400573,0.441596,0.451851
1789931101.799683,FORWARD,0.556606,0.476077,0.454494,0.464185,0.392910,0.411367
1789965664.2657175,RIGHT,0.534138,0.380313,0.461132,0.351610,0.312414,0.294464
1789965943.2690446,DOWN,0.518813,0.401945,0.512237,0.393179,0.186441,0.194742
1789974336.4596062,FORWARD,0.536060,0.433850,0.416979,0.423164,0.388088,0.382170
1789965943.3331206,DOWN,0.515001,0.412526,0.515010,0.396605,0.178328,0.189518
1789966037.3452241,EYES_OPEN,0.519023,0.463543,0.428552,0.448203,0.346343,0.335244
1789965116.8356707,LEFT,0.564099,0.486752,0.499655,0.488252,0.365146,0.436604
1789931100.506212,FORWARD,0.544445,0.477174,0.448492,0.461779,0.379927,0.396582
1789974021.0205233,DOWN,0.514775,0.445620,0.411381,0.425668,0.402633,0.409064
1789974338.7465954,FORWARD,0.536704,0.447728,0.414699,0.434358,0.403058,0.392831
1789965730.6079006,RIGHT,0.524853,0.448161,0.450884,0.447742,0.367297,0.371882
1789965603.3131702,RIGHT,0.600699,0.449404,0.478267,0.459181,0.361316,0.332931
1789973845.3425457,UP,0.572684,0.442599,0.446888,0.447928,0.515902,0.512970
1789965943.1890993,DOWN,0.519737,0.389680,0.514033,0.376128,0.187751,0.192677
1789966106.8152232,EYES_CLOSED,0.502682,0.686277,0.539189,0.556475,0.050068,0.025910
1789974176.3850935,EYES_CLOSED,0.479419,0.643857,0.477424,0.473729,0.047385,0.045878
1789965532.2697434,RIGHT,0.635246,0.409467,0.495195,0.373654,0.268481,0.285428
1789974415.7698119,LEFT,0.689155,0.283804,0.615229,0.510385,0.159986,0.176980
1789974336.6027594,FORWARD,0.538887,0.433224,0.425050,0.423439,0.391100,0.388296
1789974175.5107608,EYES_CLOSED,0.515683,0.376612,0.426556,0.344544,0.304248,0.281375
1789973845.6785188,UP,0.573073,0.440953,0.441575,0.446191,0.516771,0.522398
1789965116.8672292,LEFT,0.565792,0.490518,0.503381,0.490533,0.367112,0.438974
1789965117.5618274,LEFT,0.578945,0.494047,0.524537,0.498046,0.349855,0.421258
1789966105.744225,EYES_CLOSED,0.505372,0.412339,0.533377,0.304712,0.112408,0.149192
1789974414.6497118,LEFT,0.580923,0.454782,0.514921,0.382770,0.196322,0.143983
1789973845.9812567,UP,0.574786,0.442405,0.441775,0.445823,0.512101,0.525075
1789974022.8137634,DOWN,0.494403,0.529235,0.478542,0.644051,0.103416,0.067613
1789966105.6795845,EYES_CLOSED,0.491985,0.387866,0.530378,0.301311,0.143067,0.170111
1789965841.790834,UP,0.475632,0.382982,0.436373,0.406812,0.429231,0.439344
1789974175.636619,EYES_CLOSED,0.496274,0.416767,0.455687,0.283134,0.138454,0.117819
1789974114.8583515,EYES_OPEN,0.538970,0.442462,0.403187,0.426569,0.374476,0.373172
1789974338.186687,FORWARD,0.536812,0.446364,0.420131,0.432130,0.400739,0.389337
1789974416.346757,LEFT,0.683283,0.335980,0.606505,0.422495,0.213212,0.173665
1789974023.020605,DOWN,0.497893,0.565787,0.479976,0.707570,0.097221,0.056444
1789973846.0487654,UP,0.574698,0.440768,0.442172,0.445594,0.514241,0.529164
1789965496.5553372,RIGHT,0.509508,0.416663,0.402054,0.402315,0.463783,0.336707
1789974023.3884897,DOWN,0.490283,0.721518,0.486806,0.810866,0.057572,0.039809
1789974338.6181653,FORWARD,0.539714,0.446490,0.415746,0.432873,0.403349,0.393276
1789973846.014835,UP,0.575038,0.443000,0.442379,0.447289,0.514371,0.528355
1789974113.8973029,EYES_OPEN,0.529861,0.442394,0.389954,0.426104,0.370428,0.367722
1789974023.7872562,DOWN,0.487630,0.815467,0.491533,0.827182,0.045490,0.044194
1789965664.5976124,RIGHT,0.512412,0.403949,0.429224,0.401585,0.347173,0.342450
1789965118.5336568,LEFT,0.560152,0.472752,0.485853,0.471147,0.319880,0.335720
1789974177.7953188,EYES_CLOSED,0.501542,0.571409,0.451236,0.408375,0.090733,0.059425
1789974115.1253505,EYES_OPEN,0.543021,0.442839,0.406864,0.425817,0.371733,0.374178
1789966038.0974576,EYES_OPEN,0.528309,0.467091,0.433221,0.451584,0.348876,0.340836
1789965840.6543763,UP,0.500090,0.371061,0.428661,0.398988,0.455214,0.479074
1789965665.6534061,RIGHT,0.625157,0.447541,0.499099,0.421245,0.317165,0.342338
1789974176.3581204,EYES_CLOSED,0.479719,0.641686,0.478929,0.464573,0.048255,0.049143
1789974174.8998148,EYES_CLOSED,0.527841,0.410440,0.409317,0.393542,0.357034,0.277615
1789974116.0585432,EYES_OPEN,0.540441,0.442850,0.413074,0.425709,0.377382,0.374149
1789931113.846226,FORWARD,0.564097,0.456617,0.466589,0.456098,0.416059,0.437549
1789974415.049888,LEFT,0.676569,0.425887,0.605478,0.427310,0.173656,0.158481
1789974115.3855052,EYES_OPEN,0.539411,0.442961,0.406973,0.425392,0.372334,0.375687
1789965118.5676584,LEFT,0.560350,0.470741,0.484667,0.468939,0.315813,0.325221
1789973844.1902547,UP,0.524545,0.443888,0.378931,0.419302,0.356302,0.342103
1789966037.6786416,EYES_OPEN,0.523256,0.469706,0.423586,0.451587,0.345843,0.339013
1789966108.0160844,EYES_CLOSED,0.502575,0.789125,0.542263,0.640588,0.052439,0.017108
1789973844.654439,UP,0.580606,0.439306,0.463003,0.442740,0.474462,0.470916
1789965944.1194284,DOWN,0.519063,0.424276,0.513362,0.388371,0.174870,0.188396
1789974023.4214914,DOWN,0.490601,0.730813,0.485975,0.810076,0.057645,0.041796
1789965666.5817175,RIGHT,0.662902,0.428196,0.517910,0.447773,0.301534,0.318707
1789974175.476002,EYES_CLOSED,0.520046,0.397949,0.414599,0.390634,0.357609,0.334834
1789965731.9353743,RIGHT,0.594416,0.436682,0.514504,0.442845,0.292338,0.251862
1789974416.4147513,LEFT,0.682873,0.345455,0.605600,0.421463,0.220436,0.174504
1789965496.2196531,RIGHT,0.410691,0.428230,0.325705,0.406422,0.459588,0.356533
1789974176.004111,EYES_CLOSED,0.479251,0.585377,0.480798,0.432540,0.061634,0.054838
1789966036.8785822,EYES_OPEN,0.510253,0.468775,0.415335,0.453654,0.339857,0.329755
1789965943.5926597,DOWN,0.511385,0.410075,0.514939,0.399269,0.149926,0.166772
1789965530.6681306,RIGHT,0.502162,0.442166,0.442694,0.458383,0.361525,0.356373
1789974337.4332986,FORWARD,0.535202,0.447848,0.418433,0.435534,0.400314,0.391553
1789965494.76357,RIGHT,0.526209,0.463837,0.424484,0.461433,0.323038,0.352724
1789974021.3564217,DOWN,0.507446,0.438204,0.407031,0.419290,0.394164,0.396125
1789965944.5172079,DOWN,0.518193,0.418159,0.522147,0.377725,0.144569,0.171516
1789965942.2622638,DOWN,0.498524,0.443293,0.423037,0.444173,0.396919,0.406001
1789973846.541917,UP,0.574261,0.435351,0.441326,0.441933,0.511364,0.528457
1789974022.1553123,DOWN,0.508025,0.413952,0.480948,0.307366,0.213182,0.192051
1789965118.9859393,LEFT,0.538768,0.466258,0.459397,0.440309,0.281736,0.293958
1789966036.9458194,EYES_OPEN,0.521721,0.463459,0.423056,0.449156,0.339331,0.329736
1789974337.5937173,FORWARD,0.538890,0.445185,0.415422,0.431812,0.398525,0.391483
1789966038.6070518,EYES_OPEN,0.536991,0.471176,0.430113,0.452690,0.351916,0.344224
1789974022.5277047,DOWN,0.503312,0.489290,0.476495,0.505846,0.135775,0.109239
1789931113.046222,FORWARD,0.538018,0.484671,0.447848,0.470507,0.380686,0.388384
1789974022.9882247,DOWN,0.495197,0.562062,0.479109,0.694219,0.097181,0.059088
1789965117.1646938,LEFT,0.579005,0.487941,0.518817,0.493977,0.373157,0.453964
1789974336.3948252,FORWARD,0.538234,0.434150,0.429247,0.423325,0.388616,0.384514
1789973844.2222545,UP,0.525497,0.442451,0.377891,0.418058,0.355297,0.342080
1789974114.395031,EYES_OPEN,0.535995,0.441065,0.410738,0.426036,0.374044,0.373648
1789965495.7558348,RIGHT,0.462911,0.441382,0.389974,0.445925,0.416047,0.373059
1789974337.6256733,FORWARD,0.535773,0.446301,0.414871,0.433679,0.399608,0.391964
1789966107.4072325,EYES_CLOSED,0.506217,0.733582,0.545713,0.626415,0.050220,0.011246
1789965118.0004838,LEFT,0.560703,0.491296,0.505149,0.491550,0.344653,0.409127
1789974021.2916312,DOWN,0.509754,0.437622,0.410774,0.419677,0.401392,0.403933
1789974021.4847817,DOWN,0.516617,0.435474,0.410926,0.415685,0.386842,0.388045
1789974021.9503639,DOWN,0.504355,0.364524,0.479155,0.247995,0.281603,0.269978
1789974021.4528375,DOWN,0.513240,0.435988,0.409432,0.416695,0.388945,0.390498
1789974022.7164285,DOWN,0.496944,0.522415,0.475877,0.598319,0.111236,0.080752
1789965942.004639,DOWN,0.499302,0.440045,0.427968,0.441599,0.400500,0.411056
1789974114.0245478,EYES_OPEN,0.522646,0.443217,0.386151,0.426916,0.369945,0.368201
1789965118.0850189,LEFT,0.563473,0.487792,0.505276,0.486691,0.340430,0.407042
1789965840.3356786,UP,0.501582,0.409662,0.431358,0.429678,0.429750,0.443044
1789974338.156777,FORWARD,0.536369,0.446788,0.417727,0.433143,0.402350,0.391714
1789974175.0437908,EYES_CLOSED,0.528901,0.415041,0.409774,0.393210,0.369207,0.302385
1789966107.615907,EYES_CLOSED,0.499827,0.755751,0.541039,0.642238,0.048627,0.009865
1789973846.7021995,UP,0.575828,0.441117,0.443466,0.446031,0.516046,0.534185
1789965116.1641767,LEFT,0.555340,0.483095,0.493116,0.481711,0.358814,0.432678
1789973845.4063027,UP,0.574043,0.442312,0.445992,0.447743,0.514282,0.513766
1789974416.1076427,LEFT,0.679465,0.299134,0.603503,0.447185,0.185989,0.170464
1789974414.5062883,LEFT,0.514493,0.428683,0.420297,0.382017,0.266231,0.249492
1789974338.9697804,FORWARD,0.538041,0.446959,0.415980,0.434508,0.402618,0.393025
1789965116.9295769,LEFT,0.574180,0.489137,0.508951,0.491584,0.368482,0.441074
1789965730.7998548,RIGHT,0.528898,0.444998,0.450824,0.443719,0.372317,0.383946
1789965840.527701,UP,0.498010,0.376910,0.428482,0.404609,0.452195,0.475771
1789974114.5534434,EYES_OPEN,0.540270,0.441404,0.408315,0.425953,0.373634,0.372260
1789974177.364028,EYES_CLOSED,0.499162,0.599801,0.452336,0.416446,0.077903,0.058590
1789965495.2913327,RIGHT,0.495663,0.457720,0.416916,0.457600,0.353943,0.376789
1789930939.1140366,FORWARD,0.560767,0.477651,0.450055,0.463344,0.377397,0.398391
1789965944.7263956,DOWN,0.517833,0.431850,0.530791,0.396072,0.144364,0.167627
1789974336.2336135,FORWARD,0.527868,0.442042,0.421921,0.428476,0.393969,0.382025
1789974116.011571,EYES_OPEN,0.540263,0.443203,0.411962,0.425962,0.376265,0.373590
1789966107.3441327,EYES_CLOSED,0.506989,0.727970,0.541293,0.614267,0.047949,0.009066
1789966036.543494,EYES_OPEN,0.511880,0.464969,0.405019,0.451063,0.342383,0.331322
1789974337.5311189,FORWARD,0.535535,0.446326,0.416374,0.434444,0.400358,0.393195
1789974177.63698,EYES_CLOSED,0.501086,0.585292,0.450970,0.403714,0.087198,0.063378
1789966036.0793066,EYES_OPEN,0.528448,0.462203,0.428275,0.450483,0.309121,0.302815
1789965116.2296813,LEFT,0.558701,0.483412,0.492818,0.482479,0.358471,0.432037
1789974177.7014441,EYES_CLOSED,0.501624,0.582186,0.451715,0.407453,0.087287,0.059170
1789973846.1743357,UP,0.574018,0.440414,0.442426,0.444993,0.513184,0.526331
1789974415.3389175,LEFT,0.677525,0.348846,0.601237,0.498335,0.149840,0.169084
1789973844.6222467,UP,0.573133,0.433316,0.456156,0.434435,0.453909,0.449910
1789974022.8611257,DOWN,0.494764,0.539394,0.477860,0.654775,0.100755,0.066121
1789974337.1939135,FORWARD,0.535010,0.444666,0.418548,0.433471,0.401379,0.393236
1789965840.9902518,UP,0.504917,0.364113,0.432324,0.395253,0.437893,0.464432
1789973844.6866467,UP,0.585037,0.446630,0.468823,0.451301,0.495724,0.492178
1789974336.5218248,FORWARD,0.537763,0.436249,0.423038,0.425656,0.387218,0.383498
1789973845.0534585,UP,0.585546,0.443597,0.465257,0.447807,0.514178,0.503771
1789974115.9477944,EYES_OPEN,0.542706,0.444448,0.410922,0.426391,0.377123,0.374027
1789974175.2684915,EYES_CLOSED,0.522521,0.413457,0.409651,0.401875,0.378771,0.338566
1789965730.4804196,RIGHT,0.522636,0.455907,0.451048,0.457664,0.367353,0.369235
1789974177.7673604,EYES_CLOSED,0.501985,0.573741,0.451088,0.407801,0.090507,0.059374
1789974022.6844516,DOWN,0.496655,0.518671,0.475777,0.587740,0.112792,0.083143
1789974115.8814273,EYES_OPEN,0.543597,0.444031,0.409251,0.425982,0.376702,0.373789
1789974114.696828,EYES_OPEN,0.538949,0.441886,0.405375,0.426084,0.374275,0.373323
1789966105.359913,EYES_CLOSED,0.514646,0.430686,0.433931,0.376618,0.276462,0.307437
1789965733.3272233,RIGHT,0.580561,0.426629,0.480922,0.416040,0.293831,0.240035
1789974417.2412584,LEFT,0.684937,0.389732,0.608772,0.404738,0.267723,0.190581
1789965529.6143107,RIGHT,0.509745,0.438200,0.440705,0.447364,0.342121,0.351486
1789973845.8690069,UP,0.574037,0.442705,0.440482,0.446807,0.513972,0.525574
1789974415.0818942,LEFT,0.684215,0.415078,0.607951,0.436360,0.168762,0.160077
1789965840.2703283,UP,0.503894,0.422907,0.436009,0.438976,0.421288,0.433420
1789974022.268373,DOWN,0.506570,0.436240,0.481482,0.369579,0.188035,0.162506
1789973846.573951,UP,0.575092,0.436375,0.441945,0.443042,0.512469,0.530913
1789965841.0540273,UP,0.505222,0.360843,0.432485,0.388928,0.428288,0.458197
1789965664.5172708,RIGHT,0.518825,0.399525,0.437395,0.394105,0.341394,0.336519
1789965840.589902,UP,0.499055,0.377668,0.429811,0.404993,0.458676,0.481811
1789974175.30132,EYES_CLOSED,0.523159,0.412771,0.410058,0.402876,0.378579,0.342144
1789974415.8343823,LEFT,0.691429,0.281991,0.617699,0.495257,0.166582,0.173787
1789965666.1173298,RIGHT,0.648095,0.442490,0.517172,0.437787,0.303891,0.335841
1789974115.5140781,EYES_OPEN,0.540843,0.443391,0.405136,0.425476,0.373202,0.373810
1789965840.1912105,UP,0.505572,0.434342,0.439437,0.447397,0.402117,0.410456
1789965116.5955212,LEFT,0.563118,0.493879,0.492976,0.492348,0.362906,0.426586
1789965117.4608548,LEFT,0.590931,0.489569,0.524859,0.491160,0.354339,0.428743
1789974336.106901,FORWARD,0.533553,0.441238,0.422058,0.429192,0.396475,0.387376
1789931102.3901713,FORWARD,0.557137,0.475011,0.455514,0.463623,0.394299,0.412549
1789966035.8864617,EYES_OPEN,0.543174,0.470344,0.448107,0.463822,0.280697,0.283225
1789974022.5879672,DOWN,0.499230,0.504475,0.477323,0.544836,0.125767,0.096436
1789974337.4654117,FORWARD,0.537305,0.446929,0.416725,0.434492,0.399896,0.392551
1789974416.7770278,LEFT,0.683848,0.362449,0.607348,0.408949,0.247462,0.181172
1789965942.135658,DOWN,0.496855,0.439366,0.422428,0.441474,0.398950,0.407595
1789966105.4876397,EYES_CLOSED,0.512340,0.433683,0.464388,0.376201,0.282891,0.304948
1789974336.2994597,FORWARD,0.526467,0.443151,0.437247,0.431662,0.397788,0.385205
1789965118.2185638,LEFT,0.564864,0.487960,0.503605,0.492524,0.334547,0.382808
1789974116.490486,EYES_OPEN,0.540679,0.442981,0.406167,0.426487,0.379600,0.374126
1789965944.789718,DOWN,0.516066,0.437825,0.529092,0.400507,0.148223,0.168026
1789965942.4053895,DOWN,0.503367,0.439434,0.426430,0.441386,0.391845,0.401280
1789965944.8536327,DOWN,0.518016,0.433463,0.526410,0.406536,0.151609,0.168465
1789965531.0419998,RIGHT,0.475713,0.444871,0.417850,0.466498,0.365556,0.346432
1789966107.8083913,EYES_CLOSED,0.498856,0.764604,0.541256,0.646900,0.053913,0.010326
1789974416.971315,LEFT,0.685771,0.376378,0.606484,0.406389,0.257365,0.185136
1789966106.4800396,EYES_CLOSED,0.497413,0.633520,0.541766,0.494118,0.039323,0.025851
1789974115.7535644,EYES_OPEN,0.540126,0.443626,0.405927,0.425675,0.375145,0.373615
1789965666.4532425,RIGHT,0.654107,0.433069,0.515102,0.444391,0.301222,0.323935
1789931101.3995683,FORWARD,0.552742,0.478732,0.456239,0.467372,0.389267,0.406904
1789974337.897892,FORWARD,0.536910,0.448031,0.419613,0.434046,0.400476,0.392162
1789965497.0189092,RIGHT,0.569942,0.395242,0.467521,0.440350,0.443297,0.250554
1789966105.2175605,EYES_CLOSED,0.507216,0.428880,0.411398,0.373585,0.266611,0.301842
1789931114.2492237,FORWARD,0.563122,0.448204,0.467067,0.448086,0.416444,0.436903
1789973844.7510338,UP,0.594368,0.445982,0.481319,0.452320,0.510451,0.506633
1789965116.429263,LEFT,0.560355,0.489571,0.493772,0.487512,0.358101,0.425270
1789973845.8386903,UP,0.574167,0.443552,0.440850,0.447356,0.514218,0.524958
1789965530.1416297,RIGHT,0.503378,0.444151,0.441710,0.461295,0.357326,0.359257
1789973846.911566,UP,0.578803,0.442355,0.446193,0.446316,0.515992,0.536028
1789974416.7313635,LEFT,0.679839,0.360426,0.608420,0.409821,0.245941,0.180805
1789974417.1042633,LEFT,0.684009,0.383051,0.608130,0.406468,0.262526,0.187520
1789965494.2188761,RIGHT,0.517630,0.458869,0.419301,0.457735,0.304565,0.335445
1789974114.649085,EYES_OPEN,0.539457,0.441583,0.405477,0.426050,0.374367,0.373529
1789965603.841723,RIGHT,0.582484,0.457989,0.457855,0.462230,0.395359,0.373615
1789974176.0362117,EYES_CLOSED,0.479015,0.599471,0.479593,0.441454,0.058292,0.056140
1789965495.227521,RIGHT,0.496273,0.457948,0.408003,0.458055,0.346240,0.373296
1789974415.5155973,LEFT,0.682446,0.320677,0.609474,0.514441,0.148738,0.174969
1789965118.5986178,LEFT,0.561065,0.474852,0.481254,0.470533,0.307642,0.319978
1789974115.0663848,EYES_OPEN,0.540856,0.442724,0.405295,0.426143,0.373331,0.374580
1789974415.705771,LEFT,0.686105,0.292349,0.614987,0.515682,0.155371,0.177344
1789973846.8784738,UP,0.578132,0.441937,0.445361,0.446365,0.515738,0.536324
1789974415.1773853,LEFT,0.680986,0.390366,0.608292,0.464491,0.151781,0.158364
1789966106.9439232,EYES_CLOSED,0.510930,0.696713,0.536523,0.577778,0.048073,0.017847
1789965664.8546107,RIGHT,0.552583,0.406720,0.472144,0.389533,0.345035,0.334303
1789965602.5137331,RIGHT,0.516858,0.449344,0.468264,0.462875,0.411439,0.414704
1789966037.8065903,EYES_OPEN,0.526561,0.469543,0.429846,0.453454,0.344753,0.338472
1789965494.4339957,RIGHT,0.528215,0.467286,0.422820,0.464625,0.308978,0.344878
1789974022.7807934,DOWN,0.496199,0.524241,0.477096,0.626064,0.108201,0.073064
1789973845.485697,UP,0.573287,0.440901,0.444744,0.446694,0.516730,0.517847
1789965841.4546335,UP,0.487572,0.370052,0.433638,0.398613,0.423321,0.440751
1789974116.6514862,EYES_OPEN,0.541810,0.443182,0.405777,0.427241,0.380619,0.373608
1789965943.7426748,DOWN,0.516236,0.425812,0.516894,0.392692,0.153731,0.172113
1789965839.791005,UP,0.510810,0.462057,0.436813,0.457659,0.360980,0.357564
1789966038.2703645,EYES_OPEN,0.528971,0.462726,0.432876,0.447983,0.345168,0.340980
1789966037.071763,EYES_OPEN,0.511189,0.464727,0.427078,0.447716,0.342000,0.333561
1789974177.8287306,EYES_CLOSED,0.501690,0.572451,0.452458,0.415661,0.091294,0.059028
1789966107.745374,EYES_CLOSED,0.506531,0.762938,0.540890,0.649100,0.052663,0.009511
1789965840.3983786,UP,0.502587,0.399563,0.428526,0.421330,0.434385,0.451511
1789974177.0930672,EYES_CLOSED,0.494985,0.611234,0.456581,0.434415,0.071171,0.049639
1789974021.227929,DOWN,0.507609,0.438695,0.410334,0.422157,0.402463,0.408071
1789965732.1281908,RIGHT,0.602970,0.432625,0.511857,0.429658,0.293406,0.246603
1789965840.7347882,UP,0.500256,0.367049,0.429080,0.395722,0.462385,0.482570
1789974337.0668435,FORWARD,0.535544,0.444070,0.414110,0.432872,0.401233,0.394318
1789931113.350223,FORWARD,0.556429,0.470549,0.462421,0.463647,0.396571,0.418186
1789974023.0849729,DOWN,0.500127,0.570655,0.479650,0.727665,0.097130,0.053814
1789974115.9788053,EYES_OPEN,0.542364,0.443854,0.409525,0.426188,0.375338,0.372936
1789965944.45711,DOWN,0.517434,0.415161,0.522962,0.374760,0.155080,0.180776
1789965602.9772878,RIGHT,0.622675,0.445948,0.513644,0.475767,0.345987,0.305402
1789966036.2054987,EYES_OPEN,0.523755,0.466796,0.410544,0.452438,0.329191,0.319536
1789974114.424893,EYES_OPEN,0.538080,0.440926,0.412745,0.425844,0.373934,0.373649
1789965942.0704722,DOWN,0.501604,0.441329,0.429677,0.442585,0.400526,0.410756
1789965601.6497993,RIGHT,0.522180,0.461024,0.461304,0.462063,0.404114,0.442157
1789974339.0137806,FORWARD,0.536438,0.447356,0.414603,0.434958,0.402767,0.393303
1789965117.0966449,LEFT,0.577546,0.487429,0.517504,0.493001,0.369120,0.450662
1789966037.4713526,EYES_OPEN,0.517114,0.467696,0.429446,0.449791,0.346577,0.336520
1789930939.30683,FORWARD,0.559376,0.479780,0.440704,0.464482,0.373484,0.396265
1789974116.121167,EYES_OPEN,0.542230,0.442808,0.411819,0.425742,0.377976,0.374225
1789965731.266809,RIGHT,0.500655,0.447943,0.439271,0.444160,0.354722,0.356590
1789965667.045839,RIGHT,0.634043,0.429300,0.493228,0.456808,0.296351,0.306053
1789965842.2543771,UP,0.463322,0.371551,0.431470,0.399961,0.441739,0.450420
1789965603.2495353,RIGHT,0.609244,0.450140,0.485404,0.463612,0.360156,0.325507
1789973846.302834,UP,0.574742,0.440564,0.442217,0.445151,0.514265,0.529008
1789965494.2987168,RIGHT,0.515547,0.463546,0.433347,0.466024,0.310447,0.346444
1789965942.8051276,DOWN,0.519468,0.414049,0.478544,0.393305,0.263434,0.260160
1789974415.977826,LEFT,0.681214,0.278639,0.614439,0.474081,0.175270,0.172551
1789973845.3115628,UP,0.573585,0.443240,0.448202,0.448059,0.516706,0.511774
1789974114.0908062,EYES_OPEN,0.523445,0.442733,0.386822,0.427058,0.370448,0.369385
1789974338.5601585,FORWARD,0.540164,0.446980,0.417310,0.432955,0.400649,0.390991
1789973844.1099381,UP,0.526074,0.443797,0.376685,0.419235,0.355194,0.342344
1789974177.3323035,EYES_CLOSED,0.499041,0.598135,0.452189,0.417911,0.078173,0.057551
1789966037.9344876,EYES_OPEN,0.525008,0.471375,0.436253,0.455731,0.346479,0.338179
1789974021.8207479,DOWN,0.505774,0.344322,0.479252,0.258470,0.322780,0.313641
1789965602.6417854,RIGHT,0.558905,0.450015,0.499728,0.477999,0.362428,0.352682
1789965943.6696682,DOWN,0.513504,0.413565,0.517002,0.390311,0.152467,0.175652
1789965602.4500763,RIGHT,0.515759,0.456539,0.453827,0.460291,0.424753,0.449672
1789931103.0961788,FORWARD,0.578291,0.455412,0.477615,0.455046,0.404419,0.428107
1789965495.0823848,RIGHT,0.510432,0.458553,0.430222,0.453002,0.334433,0.358231
1789973846.4774709,UP,0.574340,0.438542,0.441790,0.444054,0.514497,0.530048
1789965666.3903384,RIGHT,0.652155,0.437455,0.510864,0.445881,0.298862,0.325704
1789974175.3653886,EYES_CLOSED,0.523334,0.413308,0.410020,0.405380,0.380560,0.348980
1789974023.516234,DOWN,0.490085,0.765157,0.487235,0.828286,0.050473,0.039217
1789974177.5562694,EYES_CLOSED,0.500446,0.581303,0.451001,0.406521,0.086296,0.059247
1789974021.6615922,DOWN,0.495403,0.393841,0.471258,0.333581,0.349611,0.348190
1789974114.121,EYES_OPEN,0.524577,0.442949,0.386438,0.427067,0.371448,0.368781
1789965731.1808023,RIGHT,0.506088,0.447303,0.443017,0.443101,0.357504,0.365536
1789974115.4499187,EYES_OPEN,0.540239,0.442861,0.406490,0.425314,0.371932,0.373939
1789965116.496598,LEFT,0.561116,0.496943,0.494433,0.493103,0.361567,0.428810
1789965943.9901862,DOWN,0.520907,0.419714,0.514194,0.387084,0.176037,0.186392
1789966106.5445008,EYES_CLOSED,0.503828,0.644253,0.535346,0.510475,0.042731,0.026120
1789965943.3971574,DOWN,0.512616,0.404340,0.514947,0.390289,0.177467,0.186430
1789965842.3205972,UP,0.463968,0.372463,0.431779,0.398724,0.439897,0.449327
1789974022.060394,DOWN,0.504809,0.398544,0.480915,0.278479,0.235960,0.224494
1789965118.5006588,LEFT,0.560870,0.475027,0.486460,0.478485,0.319227,0.333888
1789966036.6065083,EYES_OPEN,0.512948,0.463862,0.405122,0.449346,0.341417,0.331699
1789965942.3257062,DOWN,0.500820,0.442655,0.423364,0.444241,0.394345,0.403828
1789931101.301574,FORWARD,0.559500,0.478691,0.455981,0.468392,0.391309,0.407907
1789973844.4452684,UP,0.530100,0.441115,0.408399,0.431619,0.385597,0.376855
1789966038.397789,EYES_OPEN,0.525963,0.466172,0.433612,0.449280,0.349178,0.344202
1789974176.4100873,EYES_CLOSED,0.480154,0.645325,0.477893,0.473873,0.047687,0.043654
1789973844.4144866,UP,0.529720,0.439184,0.397236,0.421815,0.369859,0.357256
1789974023.6756036,DOWN,0.491645,0.796070,0.490490,0.824670,0.049146,0.044249
1789974116.4420931,EYES_OPEN,0.540417,0.443058,0.406345,0.426481,0.379042,0.373485
1789973846.7656145,UP,0.576067,0.440983,0.443307,0.445869,0.514726,0.534340
1789974336.7655063,FORWARD,0.528933,0.436759,0.416314,0.427470,0.393507,0.388791
1789966036.6744661,EYES_OPEN,0.520026,0.461176,0.411640,0.448092,0.339638,0.330785
1789965116.9616551,LEFT,0.573675,0.487658,0.510567,0.490927,0.366715,0.444018
1789974176.628181,EYES_CLOSED,0.484505,0.625891,0.474362,0.456197,0.058726,0.049854
1789973846.1434329,UP,0.573996,0.438931,0.442327,0.443615,0.513434,0.525833
1789974414.8097756,LEFT,0.655382,0.448012,0.577145,0.416812,0.194388,0.155359
1789965602.8498514,RIGHT,0.616665,0.441023,0.521169,0.477077,0.347315,0.311685
1789974176.4360843,EYES_CLOSED,0.480335,0.643533,0.479063,0.482453,0.047941,0.040402
1789974177.2365668,EYES_CLOSED,0.497143,0.601042,0.453269,0.420702,0.075725,0.054602
1789930939.4031317,FORWARD,0.558344,0.480005,0.442872,0.463073,0.375184,0.395381
1789965603.1126838,RIGHT,0.614351,0.453704,0.502938,0.476912,0.351887,0.312591
1789965943.0628045,DOWN,0.522875,0.399183,0.504237,0.388850,0.200505,0.207054
1789973844.9418082,UP,0.592850,0.446044,0.476795,0.449817,0.520562,0.510454
1789966036.286234,EYES_OPEN,0.529290,0.461484,0.408859,0.449979,0.329546,0.320949
1789973845.3741941,UP,0.573139,0.442333,0.446421,0.447890,0.515350,0.513020
1789974336.5705273,FORWARD,0.538291,0.435673,0.422896,0.425559,0.387218,0.384365
1789974115.3210664,EYES_OPEN,0.541349,0.442915,0.408973,0.425677,0.372812,0.376034
1789965118.3159204,LEFT,0.564089,0.480930,0.502054,0.500278,0.330993,0.350947
1789973846.382099,UP,0.574696,0.439873,0.441985,0.445115,0.513562,0.529367
1789974417.1822965,LEFT,0.687578,0.386837,0.608734,0.405153,0.265507,0.189410
1789974175.2364104,EYES_CLOSED,0.523429,0.413739,0.410249,0.400736,0.378837,0.336796
1789974175.6054926,EYES_CLOSED,0.497798,0.397105,0.448393,0.239675,0.160279,0.142586
1789974176.7403805,EYES_CLOSED,0.486500,0.623438,0.469930,0.447939,0.060994,0.051862
1789965118.2858758,LEFT,0.565579,0.479124,0.502993,0.505842,0.330982,0.368700
1789965842.0625405,UP,0.469745,0.374474,0.432482,0.401001,0.434281,0.444041
1789965730.5274217,RIGHT,0.523873,0.452059,0.450808,0.450986,0.370699,0.370351
1789974023.580329,DOWN,0.489391,0.779306,0.487735,0.822909,0.049327,0.042362
1789965495.3549259,RIGHT,0.521813,0.460005,0.438152,0.461466,0.357083,0.374201
1789974116.2191494,EYES_OPEN,0.542779,0.442459,0.412641,0.425645,0.377609,0.373511
1789974414.841686,LEFT,0.665271,0.446531,0.593833,0.409327,0.188057,0.151518
1789965942.469958,DOWN,0.503096,0.439001,0.420293,0.440277,0.396434,0.404928
1789965116.7305362,LEFT,0.562895,0.491037,0.491528,0.490677,0.366728,0.425582
1789965732.0638099,RIGHT,0.606583,0.434716,0.510911,0.431570,0.297049,0.251991
1789974415.0181212,LEFT,0.685064,0.432191,0.621422,0.421024,0.180700,0.155367
1789966106.289445,EYES_CLOSED,0.496113,0.626502,0.533657,0.387540,0.036540,0.060649
1789931113.9472227,FORWARD,0.563949,0.457057,0.468095,0.456914,0.419604,0.440815
1789965604.4334328,RIGHT,0.607050,0.460479,0.506240,0.471356,0.358788,0.346497
1789965666.2455802,RIGHT,0.642241,0.443858,0.517933,0.441047,0.301325,0.331183
1789974338.7948332,FORWARD,0.536353,0.447940,0.418114,0.435211,0.403350,0.393676
1789930939.0190117,FORWARD,0.558335,0.479195,0.448317,0.463131,0.381702,0.401424
1789974177.1248436,EYES_CLOSED,0.495906,0.606934,0.455720,0.426849,0.073769,0.051936
1789974337.3273027,FORWARD,0.534698,0.447163,0.417270,0.434625,0.401228,0.391894
1789974175.6676555,EYES_CLOSED,0.490554,0.430158,0.459132,0.310703,0.121550,0.106374
1789965531.2776477,RIGHT,0.532305,0.449010,0.453624,0.451595,0.365876,0.330392
1789965841.5202262,UP,0.486354,0.371169,0.433219,0.396413,0.420935,0.439912
1789931112.9522269,FORWARD,0.535995,0.484099,0.443084,0.469136,0.377270,0.387105
1789974114.9313536,EYES_OPEN,0.541259,0.442533,0.403264,0.426493,0.374722,0.374299
1789974337.2269127,FORWARD,0.535578,0.445875,0.419480,0.434344,0.402478,0.394014
1789974021.9988375,DOWN,0.501199,0.380207,0.479239,0.256395,0.264365,0.258271
1789974338.524162,FORWARD,0.540117,0.446914,0.416962,0.432984,0.401042,0.391146
1789965732.6563082,RIGHT,0.590022,0.436054,0.503509,0.424997,0.284171,0.249708
1789965944.5970123,DOWN,0.517284,0.419990,0.524842,0.386199,0.148870,0.169564
1789965731.2178054,RIGHT,0.502865,0.448232,0.441514,0.444786,0.355747,0.362693
1789965840.8650036,UP,0.502720,0.363955,0.430225,0.394388,0.452355,0.476243
1789965840.8366542,UP,0.501497,0.365339,0.429560,0.395257,0.461849,0.484177
1789973846.4457345,UP,0.574067,0.438732,0.441695,0.444300,0.514754,0.530168
1789965943.9303265,DOWN,0.513878,0.433861,0.512237,0.391564,0.173647,0.184979
1789965530.2692356,RIGHT,0.504231,0.442061,0.442072,0.458297,0.359688,0.359025
1789973844.7176833,UP,0.589964,0.445576,0.477448,0.452287,0.505822,0.503321
